File,Album Artist,Album,Copyright Before,Copyright After,Outcome,Source,Note
2NE1 || 2NE1 2nd Mini Album/2NE1 - Don't Cry.mp3,2NE1,2NE1 2nd Mini Album,YG Entertainment,,no match,,
2NE1 || 2NE1 2nd Mini Album/2NE1 - Don't Stop The Music.mp3,2NE1,2NE1 2nd Mini Album,YG Entertainment,,no match,,
2NE1 || 2NE1 2nd Mini Album/2NE1 - Hate You.mp3,2NE1,2NE1 2nd Mini Album,YG Entertainment,,no match,,
2NE1 || 2NE1 2nd Mini Album/2NE1 - I Am the Best.mp3,2NE1,2NE1 2nd Mini Album,YG Entertainment,,no match,,
2NE1 || 2NE1 2nd Mini Album/2NE1 - Lonely.mp3,2NE1,2NE1 2nd Mini Album,YG Entertainment,,no match,,
2NE1 || 2NE1 2nd Mini Album/2NE1 - Ugly.mp3,2NE1,2NE1 2nd Mini Album,YG Entertainment,,no match,,
88rising || The Weekend (feat. BIBI) - Single/88rising - The Weekend (feat. BIBI).mp3,88rising,The Weekend,(C) 2021 88rising Records LLC,,no match,,
AKMU || Love Lee/AKMU - Fry’s Dream.mp3,AKMU,Love Lee,YG Entertainment,,no match,,
AKMU || Love Lee/AKMU - Love Lee.mp3,AKMU,Love Lee,YG Entertainment,,no match,,
ALLDAY PROJECT || ALLDAY PROJECT/ALLDAY PROJECT - LOOK AT ME.mp3,ALLDAY PROJECT,ALLDAY PROJECT,(C) 2025 THEBLACKLABEL,,no match,,
ALLDAY PROJECT || ALLDAY PROJECT/ALLDAY PROJECT - ONE MORE TIME.mp3,ALLDAY PROJECT,ALLDAY PROJECT,(C) 2025 THEBLACKLABEL,,no match,,
ALLDAY PROJECT || ALLDAY PROJECT/ALLDAY PROJECT - YOU AND I.mp3,ALLDAY PROJECT,ALLDAY PROJECT,(C) 2025 THEBLACKLABEL,,no match,,
"ALLDAY PROJECT || ALLDAY PROJECT/ALLDAY PROJECT, ANNIE, WOOCHAN - WHERE YOU AT.mp3",ALLDAY PROJECT,ALLDAY PROJECT,(C) 2025 THEBLACKLABEL,,no match,,
"ALLDAY PROJECT || ALLDAY PROJECT/ALLDAY PROJECT, TARZZAN, BAILEY - HOT.mp3",ALLDAY PROJECT,ALLDAY PROJECT,(C) 2025 THEBLACKLABEL,,no match,,
ALLDAY PROJECT || FAMOUS/ALLDAY PROJECT - FAMOUS.mp3,ALLDAY PROJECT,FAMOUS,(C) 2025 THEBLACKLABEL,,no match,,
ALLDAY PROJECT || FAMOUS/ALLDAY PROJECT - WICKED.mp3,ALLDAY PROJECT,FAMOUS,(C) 2025 THEBLACKLABEL,,no match,,
ATEEZ || GOLDEN HOUR : Part.3/ATEEZ - Lemon Drop.mp3,ATEEZ,GOLDEN HOUR : Part.3,℗ 2025 KQ Entertainment under license to Sony Music Entertainment Korea Inc.,,no match,,
Adele || 21/Adele - Rolling in the Deep.mp3,Adele,21,2011 XL Recordings Ltd,℗ 2011 XL Recordings Ltd,written,iTunes,
Adele || 21/Adele - Set Fire to the Rain.mp3,Adele,21,2011 XL Recordings Ltd,℗ 2011 XL Recordings Ltd,written,iTunes,
Adele || 21/Adele - Someone Like You.mp3,Adele,21,2011 XL Recordings Ltd,℗ 2011 XL Recordings Ltd,written,iTunes,
Adele || 25/Adele - All I Ask.mp3,Adele,25,2015 XL Recordings Ltd,℗ 2015 XL Recordings Ltd,written,iTunes,
Adele || 25/Adele - Hello.mp3,Adele,25,2015 XL Recordings Ltd,℗ 2015 XL Recordings Ltd,written,iTunes,
Adele || 25/Adele - Love In The Dark.mp3,Adele,25,2015 XL Recordings Ltd,℗ 2015 XL Recordings Ltd,written,iTunes,
Adele || 25/Adele - Send My Love (To Your New Lover).mp3,Adele,25,2015 XL Recordings Ltd,℗ 2015 XL Recordings Ltd,written,iTunes,
Alaina Castillo || parallel universe pt. 1/Alaina Castillo - pocket locket.mp3,Alaina Castillo,parallel universe pt. 1,"(C) 2021 Chosen People under exclusive license to AWAL Recordings America, Inc.",,no match,,
Amy Winehouse || Back To Black/Amy Winehouse - Addicted.mp3,Amy Winehouse,Back To Black,© 2006 Universal Island Records Ltd. A Universal Music Company.,"℗ 2015 Island Records, a division of Universal Music Operations Limited",written,iTunes,
Amy Winehouse || Back To Black/Amy Winehouse - Back To Black.mp3,Amy Winehouse,Back To Black,© 2006 Universal Island Records Ltd. A Universal Music Company.,"℗ 2015 Island Records, a division of Universal Music Operations Limited",written,iTunes,
Amy Winehouse || Back To Black/Amy Winehouse - He Can Only Hold Her.mp3,Amy Winehouse,Back To Black,© 2006 Universal Island Records Ltd. A Universal Music Company.,"℗ 2015 Island Records, a division of Universal Music Operations Limited",written,iTunes,
Amy Winehouse || Back To Black/Amy Winehouse - Rehab.mp3,Amy Winehouse,Back To Black,© 2006 Universal Island Records Ltd. A Universal Music Company.,"℗ 2015 Island Records, a division of Universal Music Operations Limited",written,iTunes,
Amy Winehouse || Back To Black/Amy Winehouse - Tears Dry On Their Own.mp3,Amy Winehouse,Back To Black,© 2006 Universal Island Records Ltd. A Universal Music Company.,"℗ 2015 Island Records, a division of Universal Music Operations Limited",written,iTunes,
Amy Winehouse || Back To Black/Amy Winehouse - You Know I'm No Good.mp3,Amy Winehouse,Back To Black,© 2006 Universal Island Records Ltd. A Universal Music Company.,"℗ 2015 Island Records, a division of Universal Music Operations Limited",written,iTunes,
Anime Soundtrack || Arcane League of Legends/Bea Miller - Playground (from the series Arcane League of Legends).mp3,Various Artists,Arcane League of Legends (Soundtrack from the Animated Series),"© 2021 Riot Games, Inc.","℗ 2021 Riot Games, Inc.",written,iTunes,
"Anime Soundtrack || Arcane League of Legends/Curtis Harding, Jazmine Sullivan - Our Love (from the series Arcane League of Legends).mp3",Various Artists,Arcane League of Legends (Soundtrack from the Animated Series),"© 2021 Riot Games, Inc.","℗ 2021 Riot Games, Inc.",written,iTunes,
"Anime Soundtrack || Arcane League of Legends/Denzel Curry, Gizzle, Bren Joy - Dynasties and Dystopia (from the series Arcane League of Legends).mp3",Various Artists,Arcane League of Legends (Soundtrack from the Animated Series),"© 2021 Riot Games, Inc.","℗ 2021 Riot Games, Inc.",written,iTunes,
"Anime Soundtrack || Arcane League of Legends/Imagine Dragons, JID - Enemy (from the series Arcane League of Legends).mp3",Various Artists,Arcane League of Legends (Soundtrack from the Animated Series),"© 2021 Riot Games, Inc.","℗ 2021 Riot Games, Inc.",written,iTunes,
Anime Soundtrack || Arcane League of Legends/Pusha T - Misfit Toys (from the series Arcane League of Legends).mp3,Various Artists,Arcane League of Legends (Soundtrack from the Animated Series),"© 2021 Riot Games, Inc.","℗ 2021 Riot Games, Inc.",written,iTunes,
Anime Soundtrack || Katekyō Hitman Reborn! /+Plus - Canvas (ED 191-203).mp3,Various Artists,Katekyo Hitman Reborn! OP & ED Theme Songs,2010 Pony Canyon Inc.,,no match,,
Anime Soundtrack || Katekyō Hitman Reborn! /Aya Ueto - Smile for... (ED 127-139).mp3,Various Artists,Katekyo Hitman Reborn! OP & ED Theme Songs,2010 Pony Canyon Inc.,,no match,,
Anime Soundtrack || Katekyō Hitman Reborn! /CHERRYBLOSSOM - CYCLE (ED 90-101).mp3,Various Artists,Katekyo Hitman Reborn! OP & ED Theme Songs,2010 Pony Canyon Inc.,,no match,,
Anime Soundtrack || Katekyō Hitman Reborn! /CHERRYBLOSSOM - DIVE TO WORLD (OP 52-73).mp3,Various Artists,Katekyo Hitman Reborn! OP & ED Theme Songs,2010 Pony Canyon Inc.,,no match,,
Anime Soundtrack || Katekyō Hitman Reborn! /CHERRYBLOSSOM - Sakura Rock (ED 115-126).mp3,Various Artists,Katekyo Hitman Reborn! OP & ED Theme Songs,2010 Pony Canyon Inc.,,no match,,
Anime Soundtrack || Katekyō Hitman Reborn! /CHERRYBLOSSOM - Yume no Manual (ED 154-165).mp3,Various Artists,Katekyo Hitman Reborn! OP & ED Theme Songs,2010 Pony Canyon Inc.,,no match,,
Anime Soundtrack || Katekyō Hitman Reborn! /D-51 - Famiglia (ED 178-190).mp3,Various Artists,Katekyo Hitman Reborn! OP & ED Theme Songs,2010 Pony Canyon Inc.,,no match,,
Anime Soundtrack || Katekyō Hitman Reborn! /Going Under Ground - LISTEN TO THE STEREO!! (OP 178-203).mp3,Various Artists,Katekyo Hitman Reborn! OP & ED Theme Songs,2010 Pony Canyon Inc.,,no match,,
Anime Soundtrack || Katekyō Hitman Reborn! /IDOLING!!! - friend (ED 39-51).mp3,Various Artists,Katekyo Hitman Reborn! OP & ED Theme Songs,2010 Pony Canyon Inc.,,no match,,
Anime Soundtrack || Katekyō Hitman Reborn! /Kazuki Kato - EASY GO (OP 127-153).mp3,Various Artists,Katekyo Hitman Reborn! OP & ED Theme Songs,2010 Pony Canyon Inc.,,no match,,
Anime Soundtrack || Katekyō Hitman Reborn! /Keita Tachibana - Michishirube (ED 1-12).mp3,Various Artists,Katekyo Hitman Reborn! OP & ED Theme Songs,2010 Pony Canyon Inc.,,no match,,
Anime Soundtrack || Katekyō Hitman Reborn! /LM.C - 88 (OP 74-101).mp3,Various Artists,Katekyo Hitman Reborn! OP & ED Theme Songs,2010 Pony Canyon Inc.,,no match,,
Anime Soundtrack || Katekyō Hitman Reborn! /LM.C - BOYS & GIRLS (OP 27-51).mp3,Various Artists,Katekyo Hitman Reborn! OP & ED Theme Songs,2010 Pony Canyon Inc.,,no match,,
Anime Soundtrack || Katekyō Hitman Reborn! /Lead - STAND UP! (ED 64-76).mp3,Various Artists,Katekyo Hitman Reborn! OP & ED Theme Songs,2010 Pony Canyon Inc.,,no match,,
Anime Soundtrack || Katekyō Hitman Reborn! /Masami Mitsuoka - last cross (OP 102-126).mp3,Various Artists,Katekyo Hitman Reborn! OP & ED Theme Songs,2010 Pony Canyon Inc.,,no match,,
Anime Soundtrack || Katekyō Hitman Reborn! /SPLAY - Drawing days (OP 1-26).mp3,Various Artists,Katekyo Hitman Reborn! OP & ED Theme Songs,2010 Pony Canyon Inc.,,no match,,
Anime Soundtrack || Katekyō Hitman Reborn! /SPLAY - Echo again (ED 30-38).mp3,Various Artists,Katekyo Hitman Reborn! OP & ED Theme Songs,2010 Pony Canyon Inc.,,no match,,
Anime Soundtrack || Katekyō Hitman Reborn! /SuG - gr8 story (ED 166-177).mp3,Various Artists,Katekyo Hitman Reborn! OP & ED Theme Songs,2010 Pony Canyon Inc.,,no match,,
Anime Soundtrack || Katekyō Hitman Reborn! /SxOxU - Funny Sunny Day (OP 154-177).mp3,Various Artists,Katekyo Hitman Reborn! OP & ED Theme Songs,2010 Pony Canyon Inc.,,no match,,
"Anime Soundtrack || Katekyō Hitman Reborn! /Takashi Kondo, Toshinobu Iida - Sakura addiction (ED 52-62).mp3",Various Artists,Katekyo Hitman Reborn! OP & ED Theme Songs,2010 Pony Canyon Inc.,,no match,,
Anime Soundtrack || Katekyō Hitman Reborn! /The ARROWS - ONE NIGHT STAR (ED 13-29).mp3,Various Artists,Katekyo Hitman Reborn! OP & ED Theme Songs,2010 Pony Canyon Inc.,,no match,,
Anime Soundtrack || Katekyō Hitman Reborn! /Tsubasa Mori - Aoi Yume (ED 140-153).mp3,Various Artists,Katekyo Hitman Reborn! OP & ED Theme Songs,2010 Pony Canyon Inc.,,no match,,
Anime Soundtrack || Katekyō Hitman Reborn! /Tsubasa Mori - Suberidai (ED 102-114).mp3,Various Artists,Katekyo Hitman Reborn! OP & ED Theme Songs,2010 Pony Canyon Inc.,,no match,,
Anime Soundtrack || Katekyō Hitman Reborn! /W-inds - Ameato (ED 77-89).mp3,Various Artists,Katekyo Hitman Reborn! OP & ED Theme Songs,2010 Pony Canyon Inc.,,no match,,
Anne-Marie || Expectations (feat. MINNIE of i-dle) - Single/Anne-Marie - Expectations (feat. MINNIE of i-dle).mp3,Anne-Marie,Expectations,© 2023 Warner Music Korea,,no match,,
Ariana Grande || My Everything (Deluxe)/Ariana Grande - One Last Time.mp3,Ariana Grande,My Everything (Deluxe),"© 2014 Republic Records, a division of UMG Recordings, Inc.","℗ 2014 Republic Records, a division of UMG Recordings, Inc.",written,iTunes,
"Ariana Grande || My Everything (Deluxe)/Ariana Grande, Iggy Azalea - Problem.mp3",Ariana Grande,My Everything (Deluxe),"© 2014 Republic Records, a division of UMG Recordings, Inc.","℗ 2014 Republic Records, a division of UMG Recordings, Inc.",written,iTunes,
"Ariana Grande || My Everything (Deluxe)/Ariana Grande, The Weeknd - Love Me Harder.mp3",Ariana Grande,My Everything (Deluxe),"© 2014 Republic Records, a division of UMG Recordings, Inc.","℗ 2014 Republic Records, a division of UMG Recordings, Inc.",written,iTunes,
"Ariana Grande || My Everything (Deluxe)/Ariana Grande, Zedd - Break Free.mp3",Ariana Grande,My Everything (Deluxe),"© 2014 Republic Records, a division of UMG Recordings, Inc.","℗ 2014 Republic Records, a division of UMG Recordings, Inc.",written,iTunes,
"Ariana Grande || My Everything (Deluxe)/Jessie J, Ariana Grande, Nicki Minaj - Bang Bang.mp3",Ariana Grande,My Everything (Deluxe),"© 2014 Republic Records, a division of UMG Recordings, Inc.","℗ 2014 Republic Records, a division of UMG Recordings, Inc.",written,iTunes,
Ariana Grande || Yours Truly/Ariana Grande - Baby I.mp3,Ariana Grande,Yours Truly,"© 2013 Universal Republic Records, a division of UMG Recordings, Inc.","℗ 2013 Universal Republic Records, a division of UMG Recordings, Inc.",written,iTunes,
Ariana Grande || Yours Truly/Ariana Grande - Right There (feat. Big Sean).mp3,Ariana Grande,Yours Truly,"© 2013 Universal Republic Records, a division of UMG Recordings, Inc.","℗ 2013 Universal Republic Records, a division of UMG Recordings, Inc.",written,iTunes,
Ariana Grande || Yours Truly/Ariana Grande - The Way (feat. Mac Miller).mp3,Ariana Grande,Yours Truly,"© 2013 Universal Republic Records, a division of UMG Recordings, Inc.","℗ 2013 Universal Republic Records, a division of UMG Recordings, Inc.",written,iTunes,
Ariana Grande || Yours Truly/Ariana Grande - You’ll Never Know.mp3,Ariana Grande,Yours Truly,"© 2013 Universal Republic Records, a division of UMG Recordings, Inc.","℗ 2013 Universal Republic Records, a division of UMG Recordings, Inc.",written,iTunes,
"Ariana Grande || Yours Truly/MIKA, Ariana Grande - Popular Song.mp3",Ariana Grande,Yours Truly,"© 2013 Universal Republic Records, a division of UMG Recordings, Inc.","℗ 2013 Universal Republic Records, a division of UMG Recordings, Inc.",written,iTunes,
"Artists Stand Up To Cancer || JUST STAND UP!/Artists Stand Up To Cancer - JUST STAND UP! (feat. Mariah Carey, Beyoncé, Mary J. Blige, Rihanna, Fergie, Sheryl Crow, Melissa Etheridge, Natasha Bedingfield, Miley Cyrus, Leona Lewis, Carrie Underwood, Keyshia Cole, LeAnn Rimes, Ashanti, Ciara).mp3",Artists Stand Up To Cancer,JUST STAND UP!,© 2008 SU2C Music LLC,,no match,,
Avril Lavigne || The Best Damn Thing (Expanded Edition)/Avril Lavigne - Contagious.mp3,Avril Lavigne,The Best Damn Thing (Expanded Edition),"(P) 2007 RCA Records, a division of Sony Music Entertainment",,no match,,
Avril Lavigne || The Best Damn Thing (Expanded Edition)/Avril Lavigne - Girlfriend.mp3,Avril Lavigne,The Best Damn Thing (Expanded Edition),"(P) 2007 RCA Records, a division of Sony Music Entertainment",,no match,,
Avril Lavigne || The Best Damn Thing (Expanded Edition)/Avril Lavigne - Hot.mp3,Avril Lavigne,The Best Damn Thing (Expanded Edition),"(P) 2007 RCA Records, a division of Sony Music Entertainment",,no match,,
Avril Lavigne || The Best Damn Thing (Expanded Edition)/Avril Lavigne - I Will Be.mp3,Avril Lavigne,The Best Damn Thing (Expanded Edition),"(P) 2007 RCA Records, a division of Sony Music Entertainment",,no match,,
Avril Lavigne || The Best Damn Thing (Expanded Edition)/Avril Lavigne - Innocence.mp3,Avril Lavigne,The Best Damn Thing (Expanded Edition),"(P) 2007 RCA Records, a division of Sony Music Entertainment",,no match,,
Avril Lavigne || The Best Damn Thing (Expanded Edition)/Avril Lavigne - Runaway.mp3,Avril Lavigne,The Best Damn Thing (Expanded Edition),"(P) 2007 RCA Records, a division of Sony Music Entertainment",,no match,,
Avril Lavigne || The Best Damn Thing (Expanded Edition)/Avril Lavigne - When You're Gone.mp3,Avril Lavigne,The Best Damn Thing (Expanded Edition),"(P) 2007 RCA Records, a division of Sony Music Entertainment",,no match,,
BABYMONSTER || BABYMONS7ER/BABYMONSTER - BATTER UP.mp3,BABYMONSTER,BABYMONS7ER,YG Entertainment,,no match,,
BABYMONSTER || BABYMONS7ER/BABYMONSTER - DREAM.mp3,BABYMONSTER,BABYMONS7ER,YG Entertainment,,no match,,
BABYMONSTER || BABYMONS7ER/BABYMONSTER - LIKE THAT.mp3,BABYMONSTER,BABYMONS7ER,YG Entertainment,,no match,,
BABYMONSTER || BABYMONS7ER/BABYMONSTER - SHEESH.mp3,BABYMONSTER,BABYMONS7ER,YG Entertainment,,no match,,
BABYMONSTER || BABYMONS7ER/BABYMONSTER - Stuck In The Middle.mp3,BABYMONSTER,BABYMONS7ER,YG Entertainment,,no match,,
BABYMONSTER || DRIP/BABYMONSTER - BILLIONAIRE.mp3,BABYMONSTER,DRIP,YG Entertainment,℗ 2024 YG Entertainment,written,iTunes,
BABYMONSTER || DRIP/BABYMONSTER - DRIP.mp3,BABYMONSTER,DRIP,YG Entertainment,℗ 2024 YG Entertainment,written,iTunes,
BABYMONSTER || DRIP/BABYMONSTER - FOREVER.mp3,BABYMONSTER,DRIP,YG Entertainment,℗ 2024 YG Entertainment,written,iTunes,
BABYMONSTER || DRIP/BABYMONSTER - Love In My Heart.mp3,BABYMONSTER,DRIP,YG Entertainment,℗ 2024 YG Entertainment,written,iTunes,
"BABYMONSTER || DRIP/BABYMONSTER - Love, Maybe.mp3",BABYMONSTER,DRIP,YG Entertainment,℗ 2024 YG Entertainment,written,iTunes,
BABYMONSTER || DRIP/BABYMONSTER - Really Like You.mp3,BABYMONSTER,DRIP,YG Entertainment,℗ 2024 YG Entertainment,written,iTunes,
BIGBANG || BIGBANG Special Edition/BIGBANG - Baby Don't Cry (Daesung Solo).mp3,BIGBANG,BIGBANG Special Edition,YG Entertainment,℗ 2011 YG Entertainment,written,iTunes,
BIGBANG || BIGBANG Special Edition/BIGBANG - High High (G-Dragon & T.O.P).mp3,BIGBANG,BIGBANG Special Edition,YG Entertainment,℗ 2011 YG Entertainment,written,iTunes,
BIGBANG || BIGBANG Special Edition/BIGBANG - I Need a Girl (Taeyang feat. G-Dragon).mp3,BIGBANG,BIGBANG Special Edition,YG Entertainment,℗ 2011 YG Entertainment,written,iTunes,
BIGBANG || BIGBANG Special Edition/BIGBANG - Love Song.mp3,BIGBANG,BIGBANG Special Edition,YG Entertainment,℗ 2011 YG Entertainment,written,iTunes,
BIGBANG || BIGBANG Special Edition/BIGBANG - Oh Yeah (G-Dragon & T.O.P feat. Park Bom).mp3,BIGBANG,BIGBANG Special Edition,YG Entertainment,℗ 2011 YG Entertainment,written,iTunes,
BIGBANG || BIGBANG Special Edition/BIGBANG - Stupid Liar.mp3,BIGBANG,BIGBANG Special Edition,YG Entertainment,℗ 2011 YG Entertainment,written,iTunes,
BIGBANG || BIGBANG Special Edition/BIGBANG - What Can I Do (Seungri Solo).mp3.mp3,BIGBANG,BIGBANG Special Edition,YG Entertainment,℗ 2011 YG Entertainment,written,iTunes,
BIGBANG || FLOWER ROAD - Single/BIGBANG - FLOWER ROAD.mp3,BIGBANG,FLOWER ROAD,YG Entertainment,,no match,,
BIGBANG || MADE/BIGBANG - BAE BAE.mp3,BIGBANG,MADE,YG Entertainment,℗ 2016 YG Entertainment,written,iTunes,
BIGBANG || MADE/BIGBANG - BANG BANG BANG.mp3,BIGBANG,MADE,YG Entertainment,℗ 2016 YG Entertainment,written,iTunes,
BIGBANG || MADE/BIGBANG - FXXK IT.mp3,BIGBANG,MADE,YG Entertainment,℗ 2016 YG Entertainment,written,iTunes,
BIGBANG || MADE/BIGBANG - GIRLFRIEND.mp3,BIGBANG,MADE,YG Entertainment,℗ 2016 YG Entertainment,written,iTunes,
BIGBANG || MADE/BIGBANG - IF YOU.mp3,BIGBANG,MADE,YG Entertainment,℗ 2016 YG Entertainment,written,iTunes,
BIGBANG || MADE/BIGBANG - LAST DANCE.mp3,BIGBANG,MADE,YG Entertainment,℗ 2016 YG Entertainment,written,iTunes,
BIGBANG || MADE/BIGBANG - LET'S NOT FALL IN LOVE.mp3,BIGBANG,MADE,YG Entertainment,℗ 2016 YG Entertainment,written,iTunes,
BIGBANG || MADE/BIGBANG - LOSER.mp3,BIGBANG,MADE,YG Entertainment,℗ 2016 YG Entertainment,written,iTunes,
BIGBANG || MADE/BIGBANG - SOBER.mp3,BIGBANG,MADE,YG Entertainment,℗ 2016 YG Entertainment,written,iTunes,
BIGBANG || MADE/BIGBANG - WE LIKE 2 PARTY.mp3,BIGBANG,MADE,YG Entertainment,℗ 2016 YG Entertainment,written,iTunes,
BIGBANG || MADE/BIGBANG - ZUTTER (GD&T.O.P).mp3,BIGBANG,MADE,YG Entertainment,℗ 2016 YG Entertainment,written,iTunes,
BIGBANG || Special Edition 'Still Alive'/BIGBANG - Bad Boy.mp3,BIGBANG,Special Edition 'Still Alive',YG Entertainment,℗ 2012 YG Entertainment,written,iTunes,
BIGBANG || Special Edition 'Still Alive'/BIGBANG - Bingle Bingle.mp3,BIGBANG,Special Edition 'Still Alive',YG Entertainment,℗ 2012 YG Entertainment,written,iTunes,
BIGBANG || Special Edition 'Still Alive'/BIGBANG - Blue.mp3,BIGBANG,Special Edition 'Still Alive',YG Entertainment,℗ 2012 YG Entertainment,written,iTunes,
BIGBANG || Special Edition 'Still Alive'/BIGBANG - Ego.mp3,BIGBANG,Special Edition 'Still Alive',YG Entertainment,℗ 2012 YG Entertainment,written,iTunes,
BIGBANG || Special Edition 'Still Alive'/BIGBANG - Fantastic Baby.mp3,BIGBANG,Special Edition 'Still Alive',YG Entertainment,℗ 2012 YG Entertainment,written,iTunes,
BIGBANG || Special Edition 'Still Alive'/BIGBANG - Feeling.mp3,BIGBANG,Special Edition 'Still Alive',YG Entertainment,℗ 2012 YG Entertainment,written,iTunes,
BIGBANG || Special Edition 'Still Alive'/BIGBANG - Love Dust.mp3,BIGBANG,Special Edition 'Still Alive',YG Entertainment,℗ 2012 YG Entertainment,written,iTunes,
BIGBANG || Special Edition 'Still Alive'/BIGBANG - Monster.mp3,BIGBANG,Special Edition 'Still Alive',YG Entertainment,℗ 2012 YG Entertainment,written,iTunes,
BIGBANG || Special Edition 'Still Alive'/BIGBANG - Still Alive.mp3,BIGBANG,Special Edition 'Still Alive',YG Entertainment,℗ 2012 YG Entertainment,written,iTunes,
BIGBANG || Still Life - Single/BIGBANG - Still Life.mp3,BIGBANG,Still Life,YG Entertainment,,no match,,
BIGBANG || Tonight/BIGBANG - Cafe.mp3,BIGBANG,Tonight,YG Entertainment,,no match,,
BIGBANG || Tonight/BIGBANG - Somebody To Love.mp3,BIGBANG,Tonight,YG Entertainment,,no match,,
BIGBANG || Tonight/BIGBANG - Tonight.mp3,BIGBANG,Tonight,YG Entertainment,,no match,,
BIGBANG || Tonight/BIGBANG - What Is Right.mp3,BIGBANG,Tonight,YG Entertainment,,no match,,
BLACKPINK || As If It's Your Last - Single/BLACKPINK - As If It's Your Last.mp3,BLACKPINK,As If It's Your Last,YG Entertainment,,no match,,
BLACKPINK || BORN PINK/BLACKPINK - Hard to Love.mp3,BLACKPINK,BORN PINK,"© 2022 YG Entertainment, distributed through Interscope Records","℗ 2022 YG Entertainment, distributed through Interscope Records",written,iTunes,
BLACKPINK || BORN PINK/BLACKPINK - Pink Venom.mp3,BLACKPINK,BORN PINK,"© 2022 YG Entertainment, distributed through Interscope Records","℗ 2022 YG Entertainment, distributed through Interscope Records",written,iTunes,
BLACKPINK || BORN PINK/BLACKPINK - Ready For Love.mp3,BLACKPINK,BORN PINK,"© 2022 YG Entertainment, distributed through Interscope Records","℗ 2022 YG Entertainment, distributed through Interscope Records",written,iTunes,
BLACKPINK || BORN PINK/BLACKPINK - Shut Down.mp3,BLACKPINK,BORN PINK,"© 2022 YG Entertainment, distributed through Interscope Records","℗ 2022 YG Entertainment, distributed through Interscope Records",written,iTunes,
BLACKPINK || BORN PINK/BLACKPINK - Tally.mp3,BLACKPINK,BORN PINK,"© 2022 YG Entertainment, distributed through Interscope Records","℗ 2022 YG Entertainment, distributed through Interscope Records",written,iTunes,
BLACKPINK || BORN PINK/BLACKPINK - The Happiest Girl.mp3,BLACKPINK,BORN PINK,"© 2022 YG Entertainment, distributed through Interscope Records","℗ 2022 YG Entertainment, distributed through Interscope Records",written,iTunes,
BLACKPINK || BORN PINK/BLACKPINK - Typa Girl.mp3,BLACKPINK,BORN PINK,"© 2022 YG Entertainment, distributed through Interscope Records","℗ 2022 YG Entertainment, distributed through Interscope Records",written,iTunes,
BLACKPINK || BORN PINK/BLACKPINK - Yeah Yeah Yeah.mp3,BLACKPINK,BORN PINK,"© 2022 YG Entertainment, distributed through Interscope Records","℗ 2022 YG Entertainment, distributed through Interscope Records",written,iTunes,
BLACKPINK || DEADLINE/BLACKPINK - Champion.mp3,BLACKPINK,DEADLINE,(C) 2026 YG Entertainment,,no match,,
BLACKPINK || DEADLINE/BLACKPINK - Fxxxboy.mp3,BLACKPINK,DEADLINE,(C) 2026 YG Entertainment,,no match,,
BLACKPINK || DEADLINE/BLACKPINK - GO.mp3,BLACKPINK,DEADLINE,(C) 2026 YG Entertainment,,no match,,
BLACKPINK || DEADLINE/BLACKPINK - JUMP.mp3,BLACKPINK,DEADLINE,(C) 2026 YG Entertainment,,no match,,
BLACKPINK || KILL THIS LOVE/BLACKPINK - Don't Know What To Do.mp3,BLACKPINK,KILL THIS LOVE,"© 2019 YG Entertainment, distributed through Interscope Records",,no match,,
BLACKPINK || KILL THIS LOVE/BLACKPINK - Hope Not.mp3,BLACKPINK,KILL THIS LOVE,"© 2019 YG Entertainment, distributed through Interscope Records",,no match,,
BLACKPINK || KILL THIS LOVE/BLACKPINK - Kick It.mp3,BLACKPINK,KILL THIS LOVE,"© 2019 YG Entertainment, distributed through Interscope Records",,no match,,
BLACKPINK || KILL THIS LOVE/BLACKPINK - Kill This Love.mp3,BLACKPINK,KILL THIS LOVE,"© 2019 YG Entertainment, distributed through Interscope Records",,no match,,
BLACKPINK || SQUARE ONE/BLACKPINK - BOOMBAYAH.mp3,BLACKPINK,SQUARE ONE,YG Entertainment,,no match,,
BLACKPINK || SQUARE ONE/BLACKPINK - WHISTLE.mp3,BLACKPINK,SQUARE ONE,YG Entertainment,,no match,,
BLACKPINK || SQUARE TWO/BLACKPINK - PLAYING WITH FIRE.mp3,BLACKPINK,SQUARE TWO,YG Entertainment,,no match,,
BLACKPINK || SQUARE TWO/BLACKPINK - STAY.mp3,BLACKPINK,SQUARE TWO,YG Entertainment,,no match,,
BLACKPINK || Square Up/BLACKPINK - DDU-DU DDU-DU.mp3,BLACKPINK,SQUARE UP,"© 2018 YG Entertainment, distributed through Interscope Records",,no match,,
BLACKPINK || Square Up/BLACKPINK - Forever Young.mp3,BLACKPINK,SQUARE UP,"© 2018 YG Entertainment, distributed through Interscope Records",,no match,,
BLACKPINK || Square Up/BLACKPINK - Really.mp3,BLACKPINK,SQUARE UP,"© 2018 YG Entertainment, distributed through Interscope Records",,no match,,
BLACKPINK || Square Up/BLACKPINK - See U Later.mp3,BLACKPINK,SQUARE UP,"© 2018 YG Entertainment, distributed through Interscope Records",,no match,,
BLACKPINK || THE ALBUM/BLACKPINK - Bet You Wanna (feat. Cardi B).mp3,BLACKPINK,THE ALBUM,"© 2020 YG Entertainment, distributed through Interscope Records","℗ 2020 YG Entertainment, distributed through Interscope Records",written,iTunes,
BLACKPINK || THE ALBUM/BLACKPINK - Crazy Over You.mp3,BLACKPINK,THE ALBUM,"© 2020 YG Entertainment, distributed through Interscope Records","℗ 2020 YG Entertainment, distributed through Interscope Records",written,iTunes,
BLACKPINK || THE ALBUM/BLACKPINK - How You Like That.mp3,BLACKPINK,THE ALBUM,"© 2020 YG Entertainment, distributed through Interscope Records","℗ 2020 YG Entertainment, distributed through Interscope Records",written,iTunes,
BLACKPINK || THE ALBUM/BLACKPINK - Ice Cream (with Selena Gomez).mp3,BLACKPINK,THE ALBUM,"© 2020 YG Entertainment, distributed through Interscope Records","℗ 2020 YG Entertainment, distributed through Interscope Records",written,iTunes,
BLACKPINK || THE ALBUM/BLACKPINK - Love To Hate Me.mp3,BLACKPINK,THE ALBUM,"© 2020 YG Entertainment, distributed through Interscope Records","℗ 2020 YG Entertainment, distributed through Interscope Records",written,iTunes,
BLACKPINK || THE ALBUM/BLACKPINK - Lovesick Girls.mp3,BLACKPINK,THE ALBUM,"© 2020 YG Entertainment, distributed through Interscope Records","℗ 2020 YG Entertainment, distributed through Interscope Records",written,iTunes,
BLACKPINK || THE ALBUM/BLACKPINK - Pretty Savage.mp3,BLACKPINK,THE ALBUM,"© 2020 YG Entertainment, distributed through Interscope Records","℗ 2020 YG Entertainment, distributed through Interscope Records",written,iTunes,
BLACKPINK || THE ALBUM/BLACKPINK - You Never Know.mp3,BLACKPINK,THE ALBUM,"© 2020 YG Entertainment, distributed through Interscope Records","℗ 2020 YG Entertainment, distributed through Interscope Records",written,iTunes,
BOL4 || Full Album RED PLANET/BOL4 - Chocolate Drive.mp3,BOL4,Full Album RED PLANET,"2016 쇼파르뮤직, under license to NHN Bugs Corp",℗ 2018 SHOFAR MUSIC,written,iTunes,
BOL4 || Full Album RED PLANET/BOL4 - Fight Day.mp3,BOL4,Full Album RED PLANET,"2016 쇼파르뮤직, under license to NHN Bugs Corp",℗ 2018 SHOFAR MUSIC,written,iTunes,
BOL4 || Full Album RED PLANET/BOL4 - Freesia.mp3,BOL4,Full Album RED PLANET,"2016 쇼파르뮤직, under license to NHN Bugs Corp",℗ 2018 SHOFAR MUSIC,written,iTunes,
BOL4 || Full Album RED PLANET/BOL4 - Galaxy.mp3,BOL4,Full Album RED PLANET,"2016 쇼파르뮤직, under license to NHN Bugs Corp",℗ 2018 SHOFAR MUSIC,written,iTunes,
BOL4 || Full Album RED PLANET/BOL4 - Hard To Love.mp3,BOL4,Full Album RED PLANET,"2016 쇼파르뮤직, under license to NHN Bugs Corp",℗ 2018 SHOFAR MUSIC,written,iTunes,
BOL4 || Full Album RED PLANET/BOL4 - Mean.mp3,BOL4,Full Album RED PLANET,"2016 쇼파르뮤직, under license to NHN Bugs Corp",℗ 2018 SHOFAR MUSIC,written,iTunes,
BOL4 || Full Album RED PLANET/BOL4 - Ring.mp3,BOL4,Full Album RED PLANET,"2016 쇼파르뮤직, under license to NHN Bugs Corp",℗ 2018 SHOFAR MUSIC,written,iTunes,
BOL4 || Full Album RED PLANET/BOL4 - When I Fall In Love.mp3,BOL4,Full Album RED PLANET,"2016 쇼파르뮤직, under license to NHN Bugs Corp",℗ 2018 SHOFAR MUSIC,written,iTunes,
BOL4 || Full Album RED PLANET/BOL4 - X Song.mp3,BOL4,Full Album RED PLANET,"2016 쇼파르뮤직, under license to NHN Bugs Corp",℗ 2018 SHOFAR MUSIC,written,iTunes,
BOL4 || Full Album RED PLANET/BOL4 - You(=I).mp3,BOL4,Full Album RED PLANET,"2016 쇼파르뮤직, under license to NHN Bugs Corp",℗ 2018 SHOFAR MUSIC,written,iTunes,
BOL4 || Red Diary Page.1/BOL4 - Blue.mp3,BOL4,Red Diary Page.1,"2017 쇼파르뮤직, under license to NHN Bugs Corp",,no match,,
BOL4 || Red Diary Page.1/BOL4 - Fix me.mp3,BOL4,Red Diary Page.1,"2017 쇼파르뮤직, under license to NHN Bugs Corp",,no match,,
BOL4 || Red Diary Page.1/BOL4 - Imagine.mp3,BOL4,Red Diary Page.1,"2017 쇼파르뮤직, under license to NHN Bugs Corp",,no match,,
BOL4 || Red Diary Page.1/BOL4 - Some.mp3,BOL4,Red Diary Page.1,"2017 쇼파르뮤직, under license to NHN Bugs Corp",,no match,,
BOL4 || Red Diary Page.1/BOL4 - To My Youth.mp3,BOL4,Red Diary Page.1,"2017 쇼파르뮤직, under license to NHN Bugs Corp",,no match,,
BOL4 || Red Diary Page.2/BOL4 - Clip.mp3,BOL4,Red Diary Page.2,"2018 쇼파르뮤직, under license to NHN Bugs Corp",,no match,,
BOL4 || Red Diary Page.2/BOL4 - Dear. Teddy bear.mp3,BOL4,Red Diary Page.2,"2018 쇼파르뮤직, under license to NHN Bugs Corp",,no match,,
BOL4 || Red Diary Page.2/BOL4 - Lonely.mp3,BOL4,Red Diary Page.2,"2018 쇼파르뮤직, under license to NHN Bugs Corp",,no match,,
BOL4 || Red Diary Page.2/BOL4 - Starlight.mp3,BOL4,Red Diary Page.2,"2018 쇼파르뮤직, under license to NHN Bugs Corp",,no match,,
BOL4 || Red Diary Page.2/BOL4 - Travel.mp3,BOL4,Red Diary Page.2,"2018 쇼파르뮤직, under license to NHN Bugs Corp",,no match,,
BOL4 || Red Diary Page.2/BOL4 - Wind.mp3,BOL4,Red Diary Page.2,"2018 쇼파르뮤직, under license to NHN Bugs Corp",,no match,,
BOL4 || Two Five/BOL4 - 25.mp3,BOL4,Two Five,"2019 쇼파르뮤직, under license to NHN Bugs Corp",,no match,,
BOL4 || Two Five/BOL4 - Day off.mp3,BOL4,Two Five,"2019 쇼파르뮤직, under license to NHN Bugs Corp",,no match,,
BOL4 || Two Five/BOL4 - Taste.mp3,BOL4,Two Five,"2019 쇼파르뮤직, under license to NHN Bugs Corp",,no match,,
BOL4 || Two Five/BOL4 - Workaholic.mp3,BOL4,Two Five,"2019 쇼파르뮤직, under license to NHN Bugs Corp",,no match,,
BOL4 || Two Five/BOL4 - XX.mp3,BOL4,Two Five,"2019 쇼파르뮤직, under license to NHN Bugs Corp",,no match,,
BOYNEXTDOOR || WHY../BOYNEXTDOOR - But Sometimes.mp3,BOYNEXTDOOR,WHY..,© 2023 KOZ Entertainment,,no match,,
BOYNEXTDOOR || WHY../BOYNEXTDOOR - One and Only.mp3,BOYNEXTDOOR,WHY..,© 2023 KOZ Entertainment,,no match,,
BTS || 2 Cool 4 Skool/BTS - Intro- 2 Cool 4 Skool.mp3,BTS,2 Cool 4 Skool,© 2013 BIGHIT MUSIC,℗ 2013 BIGHIT MUSIC,written,iTunes,
BTS || 2 Cool 4 Skool/BTS - Like.mp3,BTS,2 Cool 4 Skool,© 2013 BIGHIT MUSIC,℗ 2013 BIGHIT MUSIC,written,iTunes,
BTS || 2 Cool 4 Skool/BTS - No More Dream.mp3,BTS,2 Cool 4 Skool,© 2013 BIGHIT MUSIC,℗ 2013 BIGHIT MUSIC,written,iTunes,
BTS || 2 Cool 4 Skool/BTS - We Are Bulletproof Pt.2.mp3,BTS,2 Cool 4 Skool,© 2013 BIGHIT MUSIC,℗ 2013 BIGHIT MUSIC,written,iTunes,
BTS || ARIRANG/BTS - 2.0.mp3,BTS,ARIRANG,© 2026 BIGHIT MUSIC,℗ 2026 BIGHIT MUSIC,written,iTunes,
BTS || ARIRANG/BTS - Aliens.mp3,BTS,ARIRANG,© 2026 BIGHIT MUSIC,℗ 2026 BIGHIT MUSIC,written,iTunes,
BTS || ARIRANG/BTS - Body to Body.mp3,BTS,ARIRANG,© 2026 BIGHIT MUSIC,℗ 2026 BIGHIT MUSIC,written,iTunes,
BTS || ARIRANG/BTS - FYA.mp3,BTS,ARIRANG,© 2026 BIGHIT MUSIC,℗ 2026 BIGHIT MUSIC,written,iTunes,
BTS || ARIRANG/BTS - Hooligan.mp3,BTS,ARIRANG,© 2026 BIGHIT MUSIC,℗ 2026 BIGHIT MUSIC,written,iTunes,
BTS || ARIRANG/BTS - Like Animals.mp3,BTS,ARIRANG,© 2026 BIGHIT MUSIC,℗ 2026 BIGHIT MUSIC,written,iTunes,
BTS || ARIRANG/BTS - Merry Go Round.mp3,BTS,ARIRANG,© 2026 BIGHIT MUSIC,℗ 2026 BIGHIT MUSIC,written,iTunes,
BTS || ARIRANG/BTS - NORMAL.mp3,BTS,ARIRANG,© 2026 BIGHIT MUSIC,℗ 2026 BIGHIT MUSIC,written,iTunes,
BTS || ARIRANG/BTS - One More Night.mp3,BTS,ARIRANG,© 2026 BIGHIT MUSIC,℗ 2026 BIGHIT MUSIC,written,iTunes,
BTS || ARIRANG/BTS - Please.mp3,BTS,ARIRANG,© 2026 BIGHIT MUSIC,℗ 2026 BIGHIT MUSIC,written,iTunes,
BTS || ARIRANG/BTS - SWIM.mp3,BTS,ARIRANG,© 2026 BIGHIT MUSIC,℗ 2026 BIGHIT MUSIC,written,iTunes,
BTS || ARIRANG/BTS - they don’t know ’bout us.mp3,BTS,ARIRANG,© 2026 BIGHIT MUSIC,℗ 2026 BIGHIT MUSIC,written,iTunes,
BTS || BE/BTS - Blue & Grey.mp3,BTS,BE,© 2020 BIGHIT MUSIC,℗ 2020 BIGHIT MUSIC,written,iTunes,
BTS || BE/BTS - Dis-ease.mp3,BTS,BE,© 2020 BIGHIT MUSIC,℗ 2020 BIGHIT MUSIC,written,iTunes,
BTS || BE/BTS - Dynamite.mp3,BTS,BE,© 2020 BIGHIT MUSIC,℗ 2020 BIGHIT MUSIC,written,iTunes,
BTS || BE/BTS - Fly To My Room.mp3,BTS,BE,© 2020 BIGHIT MUSIC,℗ 2020 BIGHIT MUSIC,written,iTunes,
BTS || BE/BTS - Life Goes On.mp3,BTS,BE,© 2020 BIGHIT MUSIC,℗ 2020 BIGHIT MUSIC,written,iTunes,
BTS || BE/BTS - Stay.mp3,BTS,BE,© 2020 BIGHIT MUSIC,℗ 2020 BIGHIT MUSIC,written,iTunes,
BTS || BE/BTS - Telepathy.mp3,BTS,BE,© 2020 BIGHIT MUSIC,℗ 2020 BIGHIT MUSIC,written,iTunes,
BTS || BTS WORLD (Original Soundtrack)/BTS - A Brand New Day (feat. Zara Larsson).mp3,BTS,BTS WORLD (Original Soundtrack),© 2019 BIGHIT MUSIC,,no match,,
BTS || BTS WORLD (Original Soundtrack)/BTS - All Night (feat. Juice WRLD).mp3,BTS,BTS WORLD (Original Soundtrack),© 2019 BIGHIT MUSIC,,no match,,
BTS || BTS WORLD (Original Soundtrack)/BTS - Cake Waltz (Jimin Theme).mp3,BTS,BTS WORLD (Original Soundtrack),© 2019 BIGHIT MUSIC,,no match,,
BTS || BTS WORLD (Original Soundtrack)/BTS - Dream Glow (feat. Charli xcx).mp3,BTS,BTS WORLD (Original Soundtrack),© 2019 BIGHIT MUSIC,,no match,,
BTS || BTS WORLD (Original Soundtrack)/BTS - Flying (Taehyung Theme).mp3,BTS,BTS WORLD (Original Soundtrack),© 2019 BIGHIT MUSIC,,no match,,
BTS || BTS WORLD (Original Soundtrack)/BTS - Friends (Hoseok Theme).mp3,BTS,BTS WORLD (Original Soundtrack),© 2019 BIGHIT MUSIC,,no match,,
BTS || BTS WORLD (Original Soundtrack)/BTS - Heartbeat.mp3,BTS,BTS WORLD (Original Soundtrack),© 2019 BIGHIT MUSIC,,no match,,
BTS || BTS WORLD (Original Soundtrack)/BTS - Not Alone (Jeongguk Theme).mp3,BTS,BTS WORLD (Original Soundtrack),© 2019 BIGHIT MUSIC,,no match,,
BTS || BTS WORLD (Original Soundtrack)/BTS - Shine (Yunki Theme).mp3,BTS,BTS WORLD (Original Soundtrack),© 2019 BIGHIT MUSIC,,no match,,
BTS || BTS WORLD (Original Soundtrack)/BTS - Wish (Seok Jin Theme).mp3,BTS,BTS WORLD (Original Soundtrack),© 2019 BIGHIT MUSIC,,no match,,
BTS || BTS WORLD (Original Soundtrack)/Lee Hyun - You Are Here.mp3,BTS,BTS WORLD (Original Soundtrack),© 2019 BIGHIT MUSIC,,no match,,
BTS || BTS WORLD (Original Soundtrack)/OKDAL - LaLaLa.mp3,BTS,BTS WORLD (Original Soundtrack),© 2019 BIGHIT MUSIC,,no match,,
BTS || Come Back Home - Single/BTS - Come Back Home.mp3,BTS,Come Back Home,2017 SPOTLIGHT,,no match,,
BTS || Dark & Wild/BTS - 247=Heaven.mp3,BTS,Dark & Wild,© 2014 BIGHIT MUSIC,,no match,,
BTS || Dark & Wild/BTS - Could You Turn off Your Cell Phone.mp3,BTS,Dark & Wild,© 2014 BIGHIT MUSIC,,no match,,
BTS || Dark & Wild/BTS - Danger.mp3,BTS,Dark & Wild,© 2014 BIGHIT MUSIC,,no match,,
BTS || Dark & Wild/BTS - Embarrassed.mp3,BTS,Dark & Wild,© 2014 BIGHIT MUSIC,,no match,,
BTS || Dark & Wild/BTS - Hip Hop Phile.mp3,BTS,Dark & Wild,© 2014 BIGHIT MUSIC,,no match,,
BTS || Dark & Wild/BTS - Interlude- What Are You Doing Now.mp3,BTS,Dark & Wild,© 2014 BIGHIT MUSIC,,no match,,
BTS || Dark & Wild/BTS - Let Me Know.mp3,BTS,Dark & Wild,© 2014 BIGHIT MUSIC,,no match,,
BTS || Dark & Wild/BTS - Look Here.mp3,BTS,Dark & Wild,© 2014 BIGHIT MUSIC,,no match,,
BTS || Dark & Wild/BTS - Outro- Do You Think It Makes Sense.mp3,BTS,Dark & Wild,© 2014 BIGHIT MUSIC,,no match,,
BTS || Dark & Wild/BTS - Rain.mp3,BTS,Dark & Wild,© 2014 BIGHIT MUSIC,,no match,,
BTS || Dark & Wild/BTS - So 4 more.mp3,BTS,Dark & Wild,© 2014 BIGHIT MUSIC,,no match,,
BTS || Dark & Wild/BTS - War of Hormone.mp3,BTS,Dark & Wild,© 2014 BIGHIT MUSIC,,no match,,
BTS || FACE YOURSELF/BTS - Crystal Snow.mp3,BTS,FACE YOURSELF,© 2018 UNIVERSAL MUSIC LLC,A Virgin Music release; ℗ 2018 UNIVERSAL MUSIC LLC,written,iTunes,
BTS || FACE YOURSELF/BTS - Don't Leave Me.mp3,BTS,FACE YOURSELF,© 2018 UNIVERSAL MUSIC LLC,A Virgin Music release; ℗ 2018 UNIVERSAL MUSIC LLC,written,iTunes,
BTS || FACE YOURSELF/BTS - INTRO - Ringwanderung.mp3,BTS,FACE YOURSELF,© 2018 UNIVERSAL MUSIC LLC,A Virgin Music release; ℗ 2018 UNIVERSAL MUSIC LLC,written,iTunes,
BTS || FACE YOURSELF/BTS - Let Go.mp3,BTS,FACE YOURSELF,© 2018 UNIVERSAL MUSIC LLC,A Virgin Music release; ℗ 2018 UNIVERSAL MUSIC LLC,written,iTunes,
BTS || Film out - Single/BTS - Film out.mp3,BTS,Film out,© 2021 UNIVERSAL MUSIC LLC,,no match,,
BTS || Love Yourself 承 'Her'/BTS - Best Of Me.mp3,BTS,Love Yourself 承 'Her',© 2017 BIGHIT MUSIC,℗ 2017 BIGHIT MUSIC,written,iTunes,
BTS || Love Yourself 承 'Her'/BTS - DNA.mp3,BTS,Love Yourself 承 'Her',© 2017 BIGHIT MUSIC,℗ 2017 BIGHIT MUSIC,written,iTunes,
BTS || Love Yourself 承 'Her'/BTS - Go Go.mp3,BTS,Love Yourself 承 'Her',© 2017 BIGHIT MUSIC,℗ 2017 BIGHIT MUSIC,written,iTunes,
BTS || Love Yourself 承 'Her'/BTS - MIC Drop.mp3,BTS,Love Yourself 承 'Her',© 2017 BIGHIT MUSIC,℗ 2017 BIGHIT MUSIC,written,iTunes,
BTS || Love Yourself 承 'Her'/BTS - Outro- Her.mp3,BTS,Love Yourself 承 'Her',© 2017 BIGHIT MUSIC,℗ 2017 BIGHIT MUSIC,written,iTunes,
BTS || Love Yourself 承 'Her'/BTS - Pied Piper.mp3,BTS,Love Yourself 承 'Her',© 2017 BIGHIT MUSIC,℗ 2017 BIGHIT MUSIC,written,iTunes,
BTS || Love Yourself 承 'Her'/BTS - dimple.mp3,BTS,Love Yourself 承 'Her',© 2017 BIGHIT MUSIC,℗ 2017 BIGHIT MUSIC,written,iTunes,
BTS || Love Yourself 結 'Answer'/BTS - Answer - Love Myself.mp3,BTS,Love Yourself 結 'Answer',© 2018 BIGHIT MUSIC,℗ 2018 BIGHIT MUSIC,written,iTunes,
BTS || Love Yourself 結 'Answer'/BTS - Epiphany.mp3,BTS,Love Yourself 結 'Answer',© 2018 BIGHIT MUSIC,℗ 2018 BIGHIT MUSIC,written,iTunes,
BTS || Love Yourself 結 'Answer'/BTS - Euphoria.mp3,BTS,Love Yourself 結 'Answer',© 2018 BIGHIT MUSIC,℗ 2018 BIGHIT MUSIC,written,iTunes,
BTS || Love Yourself 結 'Answer'/BTS - I'm Fine.mp3,BTS,Love Yourself 結 'Answer',© 2018 BIGHIT MUSIC,℗ 2018 BIGHIT MUSIC,written,iTunes,
BTS || Love Yourself 結 'Answer'/BTS - IDOL (feat. Nicki Minaj).mp3,BTS,Love Yourself 結 'Answer',© 2018 BIGHIT MUSIC,℗ 2018 BIGHIT MUSIC,written,iTunes,
BTS || Love Yourself 結 'Answer'/BTS - MIC Drop (Steve Aoki Remix).mp3,BTS,Love Yourself 結 'Answer',© 2018 BIGHIT MUSIC,℗ 2018 BIGHIT MUSIC,written,iTunes,
BTS || Love Yourself 結 'Answer'/BTS - Serendipity (Full Length Edition).mp3,BTS,Love Yourself 結 'Answer',© 2018 BIGHIT MUSIC,℗ 2018 BIGHIT MUSIC,written,iTunes,
BTS || Love Yourself 結 'Answer'/BTS - Singularity.mp3,BTS,Love Yourself 結 'Answer',© 2018 BIGHIT MUSIC,℗ 2018 BIGHIT MUSIC,written,iTunes,
BTS || Love Yourself 結 'Answer'/BTS - Trivia 承 - Love.mp3,BTS,Love Yourself 結 'Answer',© 2018 BIGHIT MUSIC,℗ 2018 BIGHIT MUSIC,written,iTunes,
BTS || Love Yourself 結 'Answer'/BTS - Trivia 起 - Just Dance.mp3,BTS,Love Yourself 結 'Answer',© 2018 BIGHIT MUSIC,℗ 2018 BIGHIT MUSIC,written,iTunes,
BTS || Love Yourself 結 'Answer'/BTS - Trivia 轉 - Seesaw.mp3,BTS,Love Yourself 結 'Answer',© 2018 BIGHIT MUSIC,℗ 2018 BIGHIT MUSIC,written,iTunes,
BTS || Love Yourself 結 'Answer'/MDP - Fake Love (Orchestral Version).mp3,BTS,Love Yourself 結 'Answer',2018 MDP,℗ 2018 BIGHIT MUSIC,written,iTunes,
BTS || Love Yourself 轉 'Tear'/BTS - 134340.mp3,BTS,Love Yourself 轉 'Tear',© 2018 BIGHIT MUSIC,℗ 2018 BIGHIT MUSIC,written,iTunes,
BTS || Love Yourself 轉 'Tear'/BTS - Airplane pt.2.mp3,BTS,Love Yourself 轉 'Tear',© 2018 BIGHIT MUSIC,℗ 2018 BIGHIT MUSIC,written,iTunes,
BTS || Love Yourself 轉 'Tear'/BTS - Anpanman.mp3,BTS,Love Yourself 轉 'Tear',© 2018 BIGHIT MUSIC,℗ 2018 BIGHIT MUSIC,written,iTunes,
BTS || Love Yourself 轉 'Tear'/BTS - FAKE LOVE.mp3,BTS,Love Yourself 轉 'Tear',© 2018 BIGHIT MUSIC,℗ 2018 BIGHIT MUSIC,written,iTunes,
BTS || Love Yourself 轉 'Tear'/BTS - Love Maze.mp3,BTS,Love Yourself 轉 'Tear',© 2018 BIGHIT MUSIC,℗ 2018 BIGHIT MUSIC,written,iTunes,
BTS || Love Yourself 轉 'Tear'/BTS - Magic Shop.mp3,BTS,Love Yourself 轉 'Tear',© 2018 BIGHIT MUSIC,℗ 2018 BIGHIT MUSIC,written,iTunes,
BTS || Love Yourself 轉 'Tear'/BTS - Paradise.mp3,BTS,Love Yourself 轉 'Tear',© 2018 BIGHIT MUSIC,℗ 2018 BIGHIT MUSIC,written,iTunes,
BTS || Love Yourself 轉 'Tear'/BTS - So What.mp3,BTS,Love Yourself 轉 'Tear',© 2018 BIGHIT MUSIC,℗ 2018 BIGHIT MUSIC,written,iTunes,
BTS || Love Yourself 轉 'Tear'/BTS - The Truth Untold (feat. Steve Aoki).mp3,BTS,Love Yourself 轉 'Tear',© 2018 BIGHIT MUSIC,℗ 2018 BIGHIT MUSIC,written,iTunes,
BTS || MAP OF THE SOUL : 7 ~ THE JOURNEY ~/BTS - Lights.mp3,BTS,MAP OF THE SOUL : 7 ~ THE JOURNEY ~,© 2020 UNIVERSAL MUSIC LLC,A Virgin Music release; ℗ 2020 UNIVERSAL MUSIC LLC,written,iTunes,
BTS || MAP OF THE SOUL : 7 ~ THE JOURNEY ~/BTS - Stay Gold.mp3,BTS,MAP OF THE SOUL : 7 ~ THE JOURNEY ~,© 2020 UNIVERSAL MUSIC LLC,A Virgin Music release; ℗ 2020 UNIVERSAL MUSIC LLC,written,iTunes,
BTS || MAP OF THE SOUL : 7 ~ THE JOURNEY ~/BTS - Your eyes tell.mp3,BTS,MAP OF THE SOUL : 7 ~ THE JOURNEY ~,© 2020 UNIVERSAL MUSIC LLC,A Virgin Music release; ℗ 2020 UNIVERSAL MUSIC LLC,written,iTunes,
BTS || MAP OF THE SOUL : PERSONA/BTS - Boy With Luv (feat. Halsey).mp3,BTS,MAP OF THE SOUL : PERSONA,© 2019 BIGHIT MUSIC,℗ 2019 BIGHIT MUSIC,written,iTunes,
BTS || MAP OF THE SOUL : PERSONA/BTS - Dionysus.mp3,BTS,MAP OF THE SOUL : PERSONA,© 2019 BIGHIT MUSIC,℗ 2019 BIGHIT MUSIC,written,iTunes,
BTS || MAP OF THE SOUL : PERSONA/BTS - HOME.mp3,BTS,MAP OF THE SOUL : PERSONA,© 2019 BIGHIT MUSIC,℗ 2019 BIGHIT MUSIC,written,iTunes,
BTS || MAP OF THE SOUL : PERSONA/BTS - Intro - Persona.mp3,BTS,MAP OF THE SOUL : PERSONA,© 2019 BIGHIT MUSIC,℗ 2019 BIGHIT MUSIC,written,iTunes,
BTS || MAP OF THE SOUL : PERSONA/BTS - Jamais Vu.mp3,BTS,MAP OF THE SOUL : PERSONA,© 2019 BIGHIT MUSIC,℗ 2019 BIGHIT MUSIC,written,iTunes,
BTS || MAP OF THE SOUL : PERSONA/BTS - Make It Right.mp3,BTS,MAP OF THE SOUL : PERSONA,© 2019 BIGHIT MUSIC,℗ 2019 BIGHIT MUSIC,written,iTunes,
BTS || MAP OF THE SOUL : PERSONA/BTS - Mikrokosmos.mp3,BTS,MAP OF THE SOUL : PERSONA,© 2019 BIGHIT MUSIC,℗ 2019 BIGHIT MUSIC,written,iTunes,
BTS || MAP OF THE SOUL：7/BTS - 00-00 (Zero O’Clock).mp3,BTS,MAP OF THE SOUL : 7,© 2020 BIGHIT MUSIC,℗ 2020 BIGHIT MUSIC,written,iTunes,
BTS || MAP OF THE SOUL：7/BTS - Black Swan.mp3,BTS,MAP OF THE SOUL : 7,© 2020 BIGHIT MUSIC,℗ 2020 BIGHIT MUSIC,written,iTunes,
BTS || MAP OF THE SOUL：7/BTS - Filter.mp3,BTS,MAP OF THE SOUL : 7,© 2020 BIGHIT MUSIC,℗ 2020 BIGHIT MUSIC,written,iTunes,
BTS || MAP OF THE SOUL：7/BTS - Friends.mp3,BTS,MAP OF THE SOUL : 7,© 2020 BIGHIT MUSIC,℗ 2020 BIGHIT MUSIC,written,iTunes,
BTS || MAP OF THE SOUL：7/BTS - Inner Child.mp3,BTS,MAP OF THE SOUL : 7,© 2020 BIGHIT MUSIC,℗ 2020 BIGHIT MUSIC,written,iTunes,
BTS || MAP OF THE SOUL：7/BTS - Interlude - Shadow.mp3,BTS,MAP OF THE SOUL : 7,© 2020 BIGHIT MUSIC,℗ 2020 BIGHIT MUSIC,written,iTunes,
BTS || MAP OF THE SOUL：7/BTS - Louder than bombs.mp3,BTS,MAP OF THE SOUL : 7,© 2020 BIGHIT MUSIC,℗ 2020 BIGHIT MUSIC,written,iTunes,
BTS || MAP OF THE SOUL：7/BTS - Moon.mp3,BTS,MAP OF THE SOUL : 7,© 2020 BIGHIT MUSIC,℗ 2020 BIGHIT MUSIC,written,iTunes,
BTS || MAP OF THE SOUL：7/BTS - My Time.mp3,BTS,MAP OF THE SOUL : 7,© 2020 BIGHIT MUSIC,℗ 2020 BIGHIT MUSIC,written,iTunes,
BTS || MAP OF THE SOUL：7/BTS - ON (Feat. Sia).mp3,BTS,MAP OF THE SOUL : 7,© 2020 BIGHIT MUSIC,℗ 2020 BIGHIT MUSIC,written,iTunes,
BTS || MAP OF THE SOUL：7/BTS - Outro - Ego.mp3,BTS,MAP OF THE SOUL : 7,© 2020 BIGHIT MUSIC,℗ 2020 BIGHIT MUSIC,written,iTunes,
BTS || MAP OF THE SOUL：7/BTS - Respect.mp3,BTS,MAP OF THE SOUL : 7,© 2020 BIGHIT MUSIC,℗ 2020 BIGHIT MUSIC,written,iTunes,
BTS || MAP OF THE SOUL：7/BTS - We are Bulletproof - the Eternal.mp3,BTS,MAP OF THE SOUL : 7,© 2020 BIGHIT MUSIC,℗ 2020 BIGHIT MUSIC,written,iTunes,
"BTS || O!RUL8,2?/BTS - Attack on Bangtan.mp3",BTS,"O!RUL8,2?",© 2013 BIGHIT MUSIC,℗ 2013 BIGHIT MUSIC,written,iTunes,
"BTS || O!RUL8,2?/BTS - Coffee.mp3",BTS,"O!RUL8,2?",© 2013 BIGHIT MUSIC,℗ 2013 BIGHIT MUSIC,written,iTunes,
"BTS || O!RUL8,2?/BTS - If I Ruled the World.mp3",BTS,"O!RUL8,2?",© 2013 BIGHIT MUSIC,℗ 2013 BIGHIT MUSIC,written,iTunes,
"BTS || O!RUL8,2?/BTS - N.O.mp3",BTS,"O!RUL8,2?",© 2013 BIGHIT MUSIC,℗ 2013 BIGHIT MUSIC,written,iTunes,
"BTS || O!RUL8,2?/BTS - Outro- Luv in Skool.mp3",BTS,"O!RUL8,2?",© 2013 BIGHIT MUSIC,℗ 2013 BIGHIT MUSIC,written,iTunes,
"BTS || O!RUL8,2?/BTS - We On.mp3",BTS,"O!RUL8,2?",© 2013 BIGHIT MUSIC,℗ 2013 BIGHIT MUSIC,written,iTunes,
BTS || Permission to Dance - Single/BTS - Permission to Dance.mp3,BTS,Permission to Dance,© 2021 BIGHIT MUSIC,,no match,,
BTS || Proof/BTS - Born Singer.mp3,BTS,Proof,© 2022 BIGHIT MUSIC,℗ 2022 BIGHIT MUSIC,written,iTunes,
BTS || Proof/BTS - Butter.mp3,BTS,Proof,© 2022 BIGHIT MUSIC,℗ 2022 BIGHIT MUSIC,written,iTunes,
BTS || Proof/BTS - For Youth.mp3,BTS,Proof,© 2022 BIGHIT MUSIC,℗ 2022 BIGHIT MUSIC,written,iTunes,
BTS || Proof/BTS - Run BTS.mp3,BTS,Proof,© 2022 BIGHIT MUSIC,℗ 2022 BIGHIT MUSIC,written,iTunes,
BTS || Proof/BTS - Yet To Come.mp3,BTS,Proof,© 2022 BIGHIT MUSIC,℗ 2022 BIGHIT MUSIC,written,iTunes,
BTS || Skool Luv Affair (Special Addition)/BTS - Boy in Luv.mp3,BTS,Skool Luv Affair (Special Addition),© 2014 BIGHIT MUSIC,℗ 2014 BIGHIT MUSIC,written,iTunes,
BTS || Skool Luv Affair (Special Addition)/BTS - Intro- Skool Luv Affair.mp3,BTS,Skool Luv Affair (Special Addition),© 2014 BIGHIT MUSIC,℗ 2014 BIGHIT MUSIC,written,iTunes,
BTS || Skool Luv Affair (Special Addition)/BTS - Jump.mp3,BTS,Skool Luv Affair (Special Addition),© 2014 BIGHIT MUSIC,℗ 2014 BIGHIT MUSIC,written,iTunes,
BTS || Skool Luv Affair (Special Addition)/BTS - Just One Day.mp3,BTS,Skool Luv Affair (Special Addition),© 2014 BIGHIT MUSIC,℗ 2014 BIGHIT MUSIC,written,iTunes,
BTS || Skool Luv Affair (Special Addition)/BTS - Like (Slow Jam Remix).mp3,BTS,Skool Luv Affair (Special Addition),© 2014 BIGHIT MUSIC,℗ 2014 BIGHIT MUSIC,written,iTunes,
BTS || Skool Luv Affair (Special Addition)/BTS - Miss Right.mp3,BTS,Skool Luv Affair (Special Addition),© 2014 BIGHIT MUSIC,℗ 2014 BIGHIT MUSIC,written,iTunes,
BTS || Skool Luv Affair (Special Addition)/BTS - Outro- Propose.mp3,BTS,Skool Luv Affair (Special Addition),© 2014 BIGHIT MUSIC,℗ 2014 BIGHIT MUSIC,written,iTunes,
BTS || Skool Luv Affair (Special Addition)/BTS - Spine Breaker.mp3,BTS,Skool Luv Affair (Special Addition),© 2014 BIGHIT MUSIC,℗ 2014 BIGHIT MUSIC,written,iTunes,
BTS || Skool Luv Affair (Special Addition)/BTS - Tomorrow.mp3,BTS,Skool Luv Affair (Special Addition),© 2014 BIGHIT MUSIC,℗ 2014 BIGHIT MUSIC,written,iTunes,
BTS || Skool Luv Affair (Special Addition)/BTS - Where You From.mp3,BTS,Skool Luv Affair (Special Addition),© 2014 BIGHIT MUSIC,℗ 2014 BIGHIT MUSIC,written,iTunes,
BTS || The Most Beautiful Moment in Life Pt.1/BTS - Boyz with Fun.mp3,BTS,The Most Beautiful Moment in Life Pt.1,© 2015 BIGHIT MUSIC,℗ 2015 BIGHIT MUSIC,written,iTunes,
BTS || The Most Beautiful Moment in Life Pt.1/BTS - Converse High.mp3,BTS,The Most Beautiful Moment in Life Pt.1,© 2015 BIGHIT MUSIC,℗ 2015 BIGHIT MUSIC,written,iTunes,
BTS || The Most Beautiful Moment in Life Pt.1/BTS - Dope.mp3,BTS,The Most Beautiful Moment in Life Pt.1,© 2015 BIGHIT MUSIC,℗ 2015 BIGHIT MUSIC,written,iTunes,
BTS || The Most Beautiful Moment in Life Pt.1/BTS - Hold Me Tight.mp3,BTS,The Most Beautiful Moment in Life Pt.1,© 2015 BIGHIT MUSIC,℗ 2015 BIGHIT MUSIC,written,iTunes,
BTS || The Most Beautiful Moment in Life Pt.1/BTS - I Need U.mp3,BTS,The Most Beautiful Moment in Life Pt.1,© 2015 BIGHIT MUSIC,℗ 2015 BIGHIT MUSIC,written,iTunes,
BTS || The Most Beautiful Moment in Life Pt.1/BTS - Moving On.mp3,BTS,The Most Beautiful Moment in Life Pt.1,© 2015 BIGHIT MUSIC,℗ 2015 BIGHIT MUSIC,written,iTunes,
BTS || The Most Beautiful Moment in Life Pt.2/BTS - Autumn Leaves.mp3,BTS,The Most Beautiful Moment in Life Pt.2,© 2015 BIGHIT MUSIC,,no match,,
BTS || The Most Beautiful Moment in Life Pt.2/BTS - Butterfly.mp3,BTS,The Most Beautiful Moment in Life Pt.2,© 2015 BIGHIT MUSIC,,no match,,
BTS || The Most Beautiful Moment in Life Pt.2/BTS - Ma City.mp3,BTS,The Most Beautiful Moment in Life Pt.2,© 2015 BIGHIT MUSIC,,no match,,
BTS || The Most Beautiful Moment in Life Pt.2/BTS - Run.mp3,BTS,The Most Beautiful Moment in Life Pt.2,© 2015 BIGHIT MUSIC,,no match,,
BTS || The Most Beautiful Moment in Life Pt.2/BTS - Silver Spoon.mp3,BTS,The Most Beautiful Moment in Life Pt.2,© 2015 BIGHIT MUSIC,,no match,,
BTS || The Most Beautiful Moment in Life Pt.2/BTS - Whalien 52.mp3,BTS,The Most Beautiful Moment in Life Pt.2,© 2015 BIGHIT MUSIC,,no match,,
BTS || The Most Beautiful Moment in Life: Young Forever/BTS - Burning Up (Fire).mp3,BTS,The Most Beautiful Moment in Life: Young Forever,© 2016 BIGHIT MUSIC,℗ 2016 BIGHIT MUSIC,written,iTunes,
BTS || The Most Beautiful Moment in Life: Young Forever/BTS - Epilogue- Young Forever.mp3,BTS,The Most Beautiful Moment in Life: Young Forever,© 2016 BIGHIT MUSIC,℗ 2016 BIGHIT MUSIC,written,iTunes,
BTS || The Most Beautiful Moment in Life: Young Forever/BTS - House of Cards (Full Length Edition).mp3,BTS,The Most Beautiful Moment in Life: Young Forever,© 2016 BIGHIT MUSIC,℗ 2016 BIGHIT MUSIC,written,iTunes,
BTS || The Most Beautiful Moment in Life: Young Forever/BTS - I Need U (Urban Mix).mp3,BTS,The Most Beautiful Moment in Life: Young Forever,© 2016 BIGHIT MUSIC,℗ 2016 BIGHIT MUSIC,written,iTunes,
BTS || The Most Beautiful Moment in Life: Young Forever/BTS - Love Is Not Over (Full Length Edition).mp3,BTS,The Most Beautiful Moment in Life: Young Forever,© 2016 BIGHIT MUSIC,℗ 2016 BIGHIT MUSIC,written,iTunes,
BTS || The Most Beautiful Moment in Life: Young Forever/BTS - Run (Ballad Mix).mp3,BTS,The Most Beautiful Moment in Life: Young Forever,© 2016 BIGHIT MUSIC,℗ 2016 BIGHIT MUSIC,written,iTunes,
BTS || The Most Beautiful Moment in Life: Young Forever/BTS - Save Me.mp3,BTS,The Most Beautiful Moment in Life: Young Forever,© 2016 BIGHIT MUSIC,℗ 2016 BIGHIT MUSIC,written,iTunes,
BTS || Wake Up (Standard Edition)/BTS - Iine!Pt.2 - Ano Bashode.mp3,BTS,Wake Up (Standard Edition),2014 PONY CANYON INC.,,no match,,
BTS || Wake Up (Standard Edition)/BTS - The Stars.mp3,BTS,Wake Up (Standard Edition),2014 PONY CANYON INC.,,no match,,
BTS || Wake Up (Standard Edition)/BTS - Wake Up.mp3,BTS,Wake Up (Standard Edition),2014 PONY CANYON INC.,,no match,,
